country,country_code,indicator,indicator_code,year,value
Togo,TGO,GDP,NY.GDP.MKTP.CD,2025,11889949067.4697
Togo,TGO,GDP,NY.GDP.MKTP.CD,2024,10643440332.2445
Togo,TGO,GDP,NY.GDP.MKTP.CD,2023,9723300576.72675
Togo,TGO,GDP,NY.GDP.MKTP.CD,2022,8646453099.4124
Togo,TGO,GDP,NY.GDP.MKTP.CD,2021,8541668141.26198
Togo,TGO,GDP,NY.GDP.MKTP.CD,2020,7486031561.86885
Togo,TGO,GDP,NY.GDP.MKTP.CD,2019,6992942458.99419
Togo,TGO,GDP,NY.GDP.MKTP.CD,2018,7029215766.46367
Togo,TGO,GDP,NY.GDP.MKTP.CD,2017,6387424239.8801
Togo,TGO,GDP,NY.GDP.MKTP.CD,2016,6071167584.1951
Togo,TGO,GDP,NY.GDP.MKTP.CD,2015,5755457836.01866
Togo,TGO,GDP,NY.GDP.MKTP.CD,2014,6393314707.85456
Togo,TGO,GDP,NY.GDP.MKTP.CD,2013,6021729629.82454
Togo,TGO,GDP,NY.GDP.MKTP.CD,2012,5413541649.14901
Togo,TGO,GDP,NY.GDP.MKTP.CD,2011,5422439152.10906
Togo,TGO,GDP,NY.GDP.MKTP.CD,2010,4746386893.22553
Togo,TGO,GDP,NY.GDP.MKTP.CD,2009,4721888275.26937
Togo,TGO,GDP,NY.GDP.MKTP.CD,2008,4578847112.70688
Togo,TGO,GDP,NY.GDP.MKTP.CD,2007,3759962853.26476
Togo,TGO,GDP,NY.GDP.MKTP.CD,2006,3320907721.74508
Togo,TGO,GDP,NY.GDP.MKTP.CD,2005,3221910408.46516
Togo,TGO,GDP,NY.GDP.MKTP.CD,2004,3191561508.69088
Togo,TGO,GDP,NY.GDP.MKTP.CD,2003,2987984050.99318
Togo,TGO,GDP,NY.GDP.MKTP.CD,2002,2410199032.43102
Togo,TGO,GDP,NY.GDP.MKTP.CD,2001,2093498674.49678
Togo,TGO,GDP,NY.GDP.MKTP.CD,2000,2106848752.27753
Togo,TGO,GDP per capita,NY.GDP.PCAP.CD,2025,1383.89974929887
Togo,TGO,GDP per capita,NY.GDP.PCAP.CD,2024,1266.08777721447
Togo,TGO,GDP per capita,NY.GDP.PCAP.CD,2023,1182.32951436696
Togo,TGO,GDP per capita,NY.GDP.PCAP.CD,2022,1071.61539220759
Togo,TGO,GDP per capita,NY.GDP.PCAP.CD,2021,1076.29520076949
Togo,TGO,GDP per capita,NY.GDP.PCAP.CD,2020,961.219781201934
Togo,TGO,GDP per capita,NY.GDP.PCAP.CD,2019,917.718016777619
Togo,TGO,GDP per capita,NY.GDP.PCAP.CD,2018,942.480774393154
Togo,TGO,GDP per capita,NY.GDP.PCAP.CD,2017,872.076408845752
Togo,TGO,GDP per capita,NY.GDP.PCAP.CD,2016,843.114204338675
Togo,TGO,GDP per capita,NY.GDP.PCAP.CD,2015,813.894676975085
Togo,TGO,GDP per capita,NY.GDP.PCAP.CD,2014,921.539748631461
Togo,TGO,GDP per capita,NY.GDP.PCAP.CD,2013,885.698522723929
Togo,TGO,GDP per capita,NY.GDP.PCAP.CD,2012,813.611525037432
Togo,TGO,GDP per capita,NY.GDP.PCAP.CD,2011,834.14671980279
Togo,TGO,GDP per capita,NY.GDP.PCAP.CD,2010,750.323421086121
Togo,TGO,GDP per capita,NY.GDP.PCAP.CD,2009,770.172869777254
Togo,TGO,GDP per capita,NY.GDP.PCAP.CD,2008,771.351190404751
Togo,TGO,GDP per capita,NY.GDP.PCAP.CD,2007,654.083697666439
Togo,TGO,GDP per capita,NY.GDP.PCAP.CD,2006,596.249203137762
Togo,TGO,GDP per capita,NY.GDP.PCAP.CD,2005,595.200212014134
Togo,TGO,GDP per capita,NY.GDP.PCAP.CD,2004,604.311329116751
Togo,TGO,GDP per capita,NY.GDP.PCAP.CD,2003,579.728195854724
Togo,TGO,GDP per capita,NY.GDP.PCAP.CD,2002,479.438373869587
Togo,TGO,GDP per capita,NY.GDP.PCAP.CD,2001,426.883605884489
Togo,TGO,GDP per capita,NY.GDP.PCAP.CD,2000,440.420399069497
Togo,TGO,Population,SP.POP.TOTL,2025,8591626.0
Togo,TGO,Population,SP.POP.TOTL,2024,8406558.0
Togo,TGO,Population,SP.POP.TOTL,2023,8223850.0
Togo,TGO,Population,SP.POP.TOTL,2022,8068616.0
Togo,TGO,Population,SP.POP.TOTL,2021,7936176.0
Togo,TGO,Population,SP.POP.TOTL,2020,7788054.0
Togo,TGO,Population,SP.POP.TOTL,2019,7619925.0
Togo,TGO,Population,SP.POP.TOTL,2018,7458206.0
Togo,TGO,Population,SP.POP.TOTL,2017,7324386.0
Togo,TGO,Population,SP.POP.TOTL,2016,7200884.0
Togo,TGO,Population,SP.POP.TOTL,2015,7071502.0
Togo,TGO,Population,SP.POP.TOTL,2014,6937644.0
Togo,TGO,Population,SP.POP.TOTL,2013,6798848.0
Togo,TGO,Population,SP.POP.TOTL,2012,6653718.0
Togo,TGO,Population,SP.POP.TOTL,2011,6500582.0
Togo,TGO,Population,SP.POP.TOTL,2010,6325788.0
Togo,TGO,Population,SP.POP.TOTL,2009,6130946.0
Togo,TGO,Population,SP.POP.TOTL,2008,5936138.0
Togo,TGO,Population,SP.POP.TOTL,2007,5748443.0
Togo,TGO,Population,SP.POP.TOTL,2006,5569664.0
Togo,TGO,Population,SP.POP.TOTL,2005,5413154.0
Togo,TGO,Population,SP.POP.TOTL,2004,5281320.0
Togo,TGO,Population,SP.POP.TOTL,2003,5154112.0
Togo,TGO,Population,SP.POP.TOTL,2002,5027130.0
Togo,TGO,Population,SP.POP.TOTL,2001,4904144.0
Togo,TGO,Population,SP.POP.TOTL,2000,4783722.0
Togo,TGO,Agriculture value added (% GDP),NV.AGR.TOTL.ZS,2025,20.3258949863422
Togo,TGO,Agriculture value added (% GDP),NV.AGR.TOTL.ZS,2024,21.344334944837
Togo,TGO,Agriculture value added (% GDP),NV.AGR.TOTL.ZS,2023,20.7728226848382
Togo,TGO,Agriculture value added (% GDP),NV.AGR.TOTL.ZS,2022,21.2198485197121
Togo,TGO,Agriculture value added (% GDP),NV.AGR.TOTL.ZS,2021,20.550806619999
Togo,TGO,Agriculture value added (% GDP),NV.AGR.TOTL.ZS,2020,19.1736551821772
Togo,TGO,Agriculture value added (% GDP),NV.AGR.TOTL.ZS,2019,19.5287220037284
Togo,TGO,Agriculture value added (% GDP),NV.AGR.TOTL.ZS,2018,19.6494784155019
Togo,TGO,Agriculture value added (% GDP),NV.AGR.TOTL.ZS,2017,20.3155597844213
Togo,TGO,Agriculture value added (% GDP),NV.AGR.TOTL.ZS,2016,20.385078914717
Togo,TGO,Agriculture value added (% GDP),NV.AGR.TOTL.ZS,2015,18.9218601496344
Togo,TGO,Agriculture value added (% GDP),NV.AGR.TOTL.ZS,2014,19.3388381580273
Togo,TGO,Agriculture value added (% GDP),NV.AGR.TOTL.ZS,2013,19.1395466909651
Togo,TGO,Agriculture value added (% GDP),NV.AGR.TOTL.ZS,2012,20.975947911624
Togo,TGO,Agriculture value added (% GDP),NV.AGR.TOTL.ZS,2011,19.8649717432319
Togo,TGO,Agriculture value added (% GDP),NV.AGR.TOTL.ZS,2010,21.077801220787
Togo,TGO,Agriculture value added (% GDP),NV.AGR.TOTL.ZS,2009,21.3483480008088
Togo,TGO,Agriculture value added (% GDP),NV.AGR.TOTL.ZS,2008,20.68166838543
Togo,TGO,Agriculture value added (% GDP),NV.AGR.TOTL.ZS,2007,16.9297833739432
Togo,TGO,Agriculture value added (% GDP),NV.AGR.TOTL.ZS,2006,16.9609148487036
Togo,TGO,Agriculture value added (% GDP),NV.AGR.TOTL.ZS,2005,17.3325641240129
Togo,TGO,Agriculture value added (% GDP),NV.AGR.TOTL.ZS,2004,15.4058695261762
Togo,TGO,Agriculture value added (% GDP),NV.AGR.TOTL.ZS,2003,14.5723915809563
Togo,TGO,Agriculture value added (% GDP),NV.AGR.TOTL.ZS,2002,15.7403641419633
Togo,TGO,Agriculture value added (% GDP),NV.AGR.TOTL.ZS,2001,15.1644610248179
Togo,TGO,Agriculture value added (% GDP),NV.AGR.TOTL.ZS,2000,14.8052104263334
Togo,TGO,Inflation,FP.CPI.TOTL.ZG,2025,0.433183451279109
Togo,TGO,Inflation,FP.CPI.TOTL.ZG,2024,2.86262074089801
Togo,TGO,Inflation,FP.CPI.TOTL.ZG,2023,5.48928568141131
Togo,TGO,Inflation,FP.CPI.TOTL.ZG,2022,7.96757361617945
Togo,TGO,Inflation,FP.CPI.TOTL.ZG,2021,4.1862150652352
Togo,TGO,Inflation,FP.CPI.TOTL.ZG,2020,1.69928463299399
Togo,TGO,Inflation,FP.CPI.TOTL.ZG,2019,0.674652770077525
Togo,TGO,Inflation,FP.CPI.TOTL.ZG,2018,0.927755426457183
Togo,TGO,Inflation,FP.CPI.TOTL.ZG,2017,-0.981889868943119
Togo,TGO,Inflation,FP.CPI.TOTL.ZG,2016,1.28544847051417
Togo,TGO,Inflation,FP.CPI.TOTL.ZG,2015,2.58500390801595
Togo,TGO,Inflation,FP.CPI.TOTL.ZG,2014,0.19087507624975
Togo,TGO,Inflation,FP.CPI.TOTL.ZG,2013,1.82539475909162
Togo,TGO,Inflation,FP.CPI.TOTL.ZG,2012,2.57718174055848
Togo,TGO,Inflation,FP.CPI.TOTL.ZG,2011,3.5635147290396
Togo,TGO,Inflation,FP.CPI.TOTL.ZG,2010,1.44594517430864
Togo,TGO,Inflation,FP.CPI.TOTL.ZG,2009,3.71360592035809
Togo,TGO,Inflation,FP.CPI.TOTL.ZG,2008,8.69482814363902
Togo,TGO,Inflation,FP.CPI.TOTL.ZG,2007,0.945673271705214
Togo,TGO,Inflation,FP.CPI.TOTL.ZG,2006,2.22897779414027
Togo,TGO,Inflation,FP.CPI.TOTL.ZG,2005,6.78292893028314
Togo,TGO,Inflation,FP.CPI.TOTL.ZG,2004,0.393078681031669
Togo,TGO,Inflation,FP.CPI.TOTL.ZG,2003,-0.930000884072214
Togo,TGO,Inflation,FP.CPI.TOTL.ZG,2002,3.05981857535884
Togo,TGO,Inflation,FP.CPI.TOTL.ZG,2001,3.91959133653146
Togo,TGO,Inflation,FP.CPI.TOTL.ZG,2000,1.86260595463067
Ghana,GHA,GDP,NY.GDP.MKTP.CD,2025,114209905278.717
Ghana,GHA,GDP,NY.GDP.MKTP.CD,2024,83288585604.0268
Ghana,GHA,GDP,NY.GDP.MKTP.CD,2023,80547146875.9526
Ghana,GHA,GDP,NY.GDP.MKTP.CD,2022,73919003212.1998
Ghana,GHA,GDP,NY.GDP.MKTP.CD,2021,79514204730.3979
Ghana,GHA,GDP,NY.GDP.MKTP.CD,2020,70008243859.8666
Ghana,GHA,GDP,NY.GDP.MKTP.CD,2019,68352629246.1555
Ghana,GHA,GDP,NY.GDP.MKTP.CD,2018,67259353965.6087
Ghana,GHA,GDP,NY.GDP.MKTP.CD,2017,60385409434.8567
Ghana,GHA,GDP,NY.GDP.MKTP.CD,2016,56144179397.8516
Ghana,GHA,GDP,NY.GDP.MKTP.CD,2015,49436806230.4839
Ghana,GHA,GDP,NY.GDP.MKTP.CD,2014,54678533805.9064
Ghana,GHA,GDP,NY.GDP.MKTP.CD,2013,62845721959.827
Ghana,GHA,GDP,NY.GDP.MKTP.CD,2012,41271701060.954
Ghana,GHA,GDP,NY.GDP.MKTP.CD,2011,39336668080.559
Ghana,GHA,GDP,NY.GDP.MKTP.CD,2010,32197655566.5347
Ghana,GHA,GDP,NY.GDP.MKTP.CD,2009,26048720005.5233
Ghana,GHA,GDP,NY.GDP.MKTP.CD,2008,28679383241.0729
Ghana,GHA,GDP,NY.GDP.MKTP.CD,2007,24827339138.4906
Ghana,GHA,GDP,NY.GDP.MKTP.CD,2006,20885037596.6963
Ghana,GHA,GDP,NY.GDP.MKTP.CD,2005,10744568381.4456
Ghana,GHA,GDP,NY.GDP.MKTP.CD,2004,8881417906.71432
Ghana,GHA,GDP,NY.GDP.MKTP.CD,2003,7632723555.66221
Ghana,GHA,GDP,NY.GDP.MKTP.CD,2002,6166197847.85031
Ghana,GHA,GDP,NY.GDP.MKTP.CD,2001,5314872854.4405
Ghana,GHA,GDP,NY.GDP.MKTP.CD,2000,4982850662.20851
Ghana,GHA,GDP per capita,NY.GDP.PCAP.CD,2025,3257.1588903576
Ghana,GHA,GDP per capita,NY.GDP.PCAP.CD,2024,2419.2518672482
Ghana,GHA,GDP per capita,NY.GDP.PCAP.CD,2023,2383.90410476221
Ghana,GHA,GDP per capita,NY.GDP.PCAP.CD,2022,2229.89122654479
Ghana,GHA,GDP per capita,NY.GDP.PCAP.CD,2021,2445.18662529344
Ghana,GHA,GDP per capita,NY.GDP.PCAP.CD,2020,2195.45481659987
Ghana,GHA,GDP per capita,NY.GDP.PCAP.CD,2019,2186.65822682613
Ghana,GHA,GDP per capita,NY.GDP.PCAP.CD,2018,2195.32166016377
Ghana,GHA,GDP per capita,NY.GDP.PCAP.CD,2017,2012.28662641265
Ghana,GHA,GDP per capita,NY.GDP.PCAP.CD,2016,1912.47991339951
Ghana,GHA,GDP per capita,NY.GDP.PCAP.CD,2015,1722.77282833606
Ghana,GHA,GDP per capita,NY.GDP.PCAP.CD,2014,1949.90832923846
Ghana,GHA,GDP per capita,NY.GDP.PCAP.CD,2013,2294.79584693743
Ghana,GHA,GDP per capita,NY.GDP.PCAP.CD,2012,1543.77524235764
Ghana,GHA,GDP per capita,NY.GDP.PCAP.CD,2011,1507.43573198753
Ghana,GHA,GDP per capita,NY.GDP.PCAP.CD,2010,1263.89251760539
Ghana,GHA,GDP per capita,NY.GDP.PCAP.CD,2009,1047.70430093586
Ghana,GHA,GDP per capita,NY.GDP.PCAP.CD,2008,1182.65761256016
Ghana,GHA,GDP per capita,NY.GDP.PCAP.CD,2007,1050.12461524926
Ghana,GHA,GDP per capita,NY.GDP.PCAP.CD,2006,906.441027564887
Ghana,GHA,GDP per capita,NY.GDP.PCAP.CD,2005,478.611909191028
Ghana,GHA,GDP per capita,NY.GDP.PCAP.CD,2004,406.132105329565
Ghana,GHA,GDP per capita,NY.GDP.PCAP.CD,2003,358.39927142073
Ghana,GHA,GDP per capita,NY.GDP.PCAP.CD,2002,297.46164468774
Ghana,GHA,GDP per capita,NY.GDP.PCAP.CD,2001,263.542156494853
Ghana,GHA,GDP per capita,NY.GDP.PCAP.CD,2000,253.746936203344
Ghana,GHA,Population,SP.POP.TOTL,2025,35064272.0
Ghana,GHA,Population,SP.POP.TOTL,2024,34427414.0
Ghana,GHA,Population,SP.POP.TOTL,2023,33787914.0
Ghana,GHA,Population,SP.POP.TOTL,2022,33149152.0
Ghana,GHA,Population,SP.POP.TOTL,2021,32518665.0
Ghana,GHA,Population,SP.POP.TOTL,2020,31887809.0
Ghana,GHA,Population,SP.POP.TOTL,2019,31258945.0
Ghana,GHA,Population,SP.POP.TOTL,2018,30637585.0
Ghana,GHA,Population,SP.POP.TOTL,2017,30008354.0
Ghana,GHA,Population,SP.POP.TOTL,2016,29356742.0
Ghana,GHA,Population,SP.POP.TOTL,2015,28696068.0
Ghana,GHA,Population,SP.POP.TOTL,2014,28041592.0
Ghana,GHA,Population,SP.POP.TOTL,2013,27386193.0
Ghana,GHA,Population,SP.POP.TOTL,2012,26734268.0
Ghana,GHA,Population,SP.POP.TOTL,2011,26095088.0
Ghana,GHA,Population,SP.POP.TOTL,2010,25474995.0
Ghana,GHA,Population,SP.POP.TOTL,2009,24862664.0
Ghana,GHA,Population,SP.POP.TOTL,2008,24249946.0
Ghana,GHA,Population,SP.POP.TOTL,2007,23642279.0
Ghana,GHA,Population,SP.POP.TOTL,2006,23040702.0
Ghana,GHA,Population,SP.POP.TOTL,2005,22449438.0
Ghana,GHA,Population,SP.POP.TOTL,2004,21868298.0
Ghana,GHA,Population,SP.POP.TOTL,2003,21296705.0
Ghana,GHA,Population,SP.POP.TOTL,2002,20729388.0
Ghana,GHA,Population,SP.POP.TOTL,2001,20167069.0
Ghana,GHA,Population,SP.POP.TOTL,2000,19637087.0
Ghana,GHA,Agriculture value added (% GDP),NV.AGR.TOTL.ZS,2025,21.2758634417128
Ghana,GHA,Agriculture value added (% GDP),NV.AGR.TOTL.ZS,2024,20.5752049341268
Ghana,GHA,Agriculture value added (% GDP),NV.AGR.TOTL.ZS,2023,20.9430687855615
Ghana,GHA,Agriculture value added (% GDP),NV.AGR.TOTL.ZS,2022,19.5136382081198
Ghana,GHA,Agriculture value added (% GDP),NV.AGR.TOTL.ZS,2021,19.6574735227332
Ghana,GHA,Agriculture value added (% GDP),NV.AGR.TOTL.ZS,2020,18.8537826616486
Ghana,GHA,Agriculture value added (% GDP),NV.AGR.TOTL.ZS,2019,17.323230201462
Ghana,GHA,Agriculture value added (% GDP),NV.AGR.TOTL.ZS,2018,18.1365503192521
Ghana,GHA,Agriculture value added (% GDP),NV.AGR.TOTL.ZS,2017,19.5617099184239
Ghana,GHA,Agriculture value added (% GDP),NV.AGR.TOTL.ZS,2016,20.8442929192419
Ghana,GHA,Agriculture value added (% GDP),NV.AGR.TOTL.ZS,2015,19.9826505985758
Ghana,GHA,Agriculture value added (% GDP),NV.AGR.TOTL.ZS,2014,19.5837731324669
Ghana,GHA,Agriculture value added (% GDP),NV.AGR.TOTL.ZS,2013,20.3698425406713
Ghana,GHA,Agriculture value added (% GDP),NV.AGR.TOTL.ZS,2012,22.1311546901572
Ghana,GHA,Agriculture value added (% GDP),NV.AGR.TOTL.ZS,2011,23.663704967184
Ghana,GHA,Agriculture value added (% GDP),NV.AGR.TOTL.ZS,2010,28.0387379636491
Ghana,GHA,Agriculture value added (% GDP),NV.AGR.TOTL.ZS,2009,30.9933842095403
Ghana,GHA,Agriculture value added (% GDP),NV.AGR.TOTL.ZS,2008,29.4080967578414
Ghana,GHA,Agriculture value added (% GDP),NV.AGR.TOTL.ZS,2007,27.294114484663
Ghana,GHA,Agriculture value added (% GDP),NV.AGR.TOTL.ZS,2006,28.3330959873622
Ghana,GHA,Agriculture value added (% GDP),NV.AGR.TOTL.ZS,2005,37.4530129301836
Ghana,GHA,Agriculture value added (% GDP),NV.AGR.TOTL.ZS,2004,37.9524260930096
Ghana,GHA,Agriculture value added (% GDP),NV.AGR.TOTL.ZS,2003,36.5454059013539
Ghana,GHA,Agriculture value added (% GDP),NV.AGR.TOTL.ZS,2002,35.1483770619295
Ghana,GHA,Agriculture value added (% GDP),NV.AGR.TOTL.ZS,2001,35.2418001245052
Ghana,GHA,Agriculture value added (% GDP),NV.AGR.TOTL.ZS,2000,35.2715219593039
Ghana,GHA,Inflation,FP.CPI.TOTL.ZG,2025,14.2046755548989
Ghana,GHA,Inflation,FP.CPI.TOTL.ZG,2024,22.8483281157842
Ghana,GHA,Inflation,FP.CPI.TOTL.ZG,2023,38.1069656296501
Ghana,GHA,Inflation,FP.CPI.TOTL.ZG,2022,31.2558951049016
Ghana,GHA,Inflation,FP.CPI.TOTL.ZG,2021,9.9710886750444
Ghana,GHA,Inflation,FP.CPI.TOTL.ZG,2020,9.88728956269944
Ghana,GHA,Inflation,FP.CPI.TOTL.ZG,2019,7.14364003330857
Ghana,GHA,Inflation,FP.CPI.TOTL.ZG,2018,7.80876516610703
Ghana,GHA,Inflation,FP.CPI.TOTL.ZG,2017,12.3719215507048
Ghana,GHA,Inflation,FP.CPI.TOTL.ZG,2016,17.4546347070868
Ghana,GHA,Inflation,FP.CPI.TOTL.ZG,2015,17.1499695007878
Ghana,GHA,Inflation,FP.CPI.TOTL.ZG,2014,15.4896160333318
Ghana,GHA,Inflation,FP.CPI.TOTL.ZG,2013,11.6661923071729
Ghana,GHA,Inflation,FP.CPI.TOTL.ZG,2012,11.1863409441067
Ghana,GHA,Inflation,FP.CPI.TOTL.ZG,2011,8.7284593709302
Ghana,GHA,Inflation,FP.CPI.TOTL.ZG,2010,10.7333898354915
Ghana,GHA,Inflation,FP.CPI.TOTL.ZG,2009,19.2469482220857
Ghana,GHA,Inflation,FP.CPI.TOTL.ZG,2008,16.494639613412
Ghana,GHA,Inflation,FP.CPI.TOTL.ZG,2007,10.7342665456292
Ghana,GHA,Inflation,FP.CPI.TOTL.ZG,2006,11.6791839392492
Ghana,GHA,Inflation,FP.CPI.TOTL.ZG,2005,15.4389920155908
Ghana,GHA,Inflation,FP.CPI.TOTL.ZG,2004,18.0427388232565
Ghana,GHA,Inflation,FP.CPI.TOTL.ZG,2003,29.7729797160384
Ghana,GHA,Inflation,FP.CPI.TOTL.ZG,2002,9.36093239560313
Ghana,GHA,Inflation,FP.CPI.TOTL.ZG,2001,41.509496287803
Ghana,GHA,Inflation,FP.CPI.TOTL.ZG,2000,40.240933123914
Benin,BEN,GDP,NY.GDP.MKTP.CD,2025,24566420903.5337
Benin,BEN,GDP,NY.GDP.MKTP.CD,2024,21482643706.4249
Benin,BEN,GDP,NY.GDP.MKTP.CD,2023,19673291004.1444
Benin,BEN,GDP,NY.GDP.MKTP.CD,2022,17425405090.862
Benin,BEN,GDP,NY.GDP.MKTP.CD,2021,17687623530.3355
Benin,BEN,GDP,NY.GDP.MKTP.CD,2020,15686741883.934
Benin,BEN,GDP,NY.GDP.MKTP.CD,2019,14391686313.4641
Benin,BEN,GDP,NY.GDP.MKTP.CD,2018,14262408089.9261
Benin,BEN,GDP,NY.GDP.MKTP.CD,2017,12701655836.9467
Benin,BEN,GDP,NY.GDP.MKTP.CD,2016,11821065853.3838
Benin,BEN,GDP,NY.GDP.MKTP.CD,2015,11388160996.7738
Benin,BEN,GDP,NY.GDP.MKTP.CD,2014,13284527846.9081
Benin,BEN,GDP,NY.GDP.MKTP.CD,2013,12517845123.9315
Benin,BEN,GDP,NY.GDP.MKTP.CD,2012,11141358115.8991
Benin,BEN,GDP,NY.GDP.MKTP.CD,2011,10693321363.6574
Benin,BEN,GDP,NY.GDP.MKTP.CD,2010,9535345015.78355
Benin,BEN,GDP,NY.GDP.MKTP.CD,2009,9738626517.00319
Benin,BEN,GDP,NY.GDP.MKTP.CD,2008,9787734526.23965
Benin,BEN,GDP,NY.GDP.MKTP.CD,2007,8169048382.83875
Benin,BEN,GDP,NY.GDP.MKTP.CD,2006,7034111314.88812
Benin,BEN,GDP,NY.GDP.MKTP.CD,2005,6567654954.38903
Benin,BEN,GDP,NY.GDP.MKTP.CD,2004,6190270380.49856
Benin,BEN,GDP,NY.GDP.MKTP.CD,2003,5349258094.48239
Benin,BEN,GDP,NY.GDP.MKTP.CD,2002,4194342686.2178
Benin,BEN,GDP,NY.GDP.MKTP.CD,2001,3666222635.13875
Benin,BEN,GDP,NY.GDP.MKTP.CD,2000,3519991440.47913
Benin,BEN,GDP per capita,NY.GDP.PCAP.CD,2025,1658.27312662991
Benin,BEN,GDP per capita,NY.GDP.PCAP.CD,2024,1485.38018885134
Benin,BEN,GDP per capita,NY.GDP.PCAP.CD,2023,1394.17784721831
Benin,BEN,GDP per capita,NY.GDP.PCAP.CD,2022,1266.42711031904
Benin,BEN,GDP per capita,NY.GDP.PCAP.CD,2021,1318.65158075198
Benin,BEN,GDP per capita,NY.GDP.PCAP.CD,2020,1200.19426557789
Benin,BEN,GDP per capita,NY.GDP.PCAP.CD,2019,1130.82135339795
Benin,BEN,GDP per capita,NY.GDP.PCAP.CD,2018,1151.7409703472
Benin,BEN,GDP per capita,NY.GDP.PCAP.CD,2017,1054.97408066814
Benin,BEN,GDP per capita,NY.GDP.PCAP.CD,2016,1010.5338961993
Benin,BEN,GDP per capita,NY.GDP.PCAP.CD,2015,1002.41886879614
Benin,BEN,GDP per capita,NY.GDP.PCAP.CD,2014,1204.39918670094
Benin,BEN,GDP per capita,NY.GDP.PCAP.CD,2013,1168.92699279226
Benin,BEN,GDP per capita,NY.GDP.PCAP.CD,2012,1071.5258366283
Benin,BEN,GDP per capita,NY.GDP.PCAP.CD,2011,1059.41358852588
Benin,BEN,GDP per capita,NY.GDP.PCAP.CD,2010,973.244254931526
Benin,BEN,GDP per capita,NY.GDP.PCAP.CD,2009,1024.10277858112
Benin,BEN,GDP per capita,NY.GDP.PCAP.CD,2008,1060.60254502099
Benin,BEN,GDP per capita,NY.GDP.PCAP.CD,2007,912.338247188342
Benin,BEN,GDP per capita,NY.GDP.PCAP.CD,2006,809.147072506221
Benin,BEN,GDP per capita,NY.GDP.PCAP.CD,2005,779.437777753268
Benin,BEN,GDP per capita,NY.GDP.PCAP.CD,2004,758.695803786371
Benin,BEN,GDP per capita,NY.GDP.PCAP.CD,2003,676.002878084282
Benin,BEN,GDP per capita,NY.GDP.PCAP.CD,2002,546.463829658159
Benin,BEN,GDP per capita,NY.GDP.PCAP.CD,2001,492.401499509072
Benin,BEN,GDP per capita,NY.GDP.PCAP.CD,2000,487.424141384242
Benin,BEN,Population,SP.POP.TOTL,2025,14814460.0
Benin,BEN,Population,SP.POP.TOTL,2024,14462724.0
Benin,BEN,Population,SP.POP.TOTL,2023,14111034.0
Benin,BEN,Population,SP.POP.TOTL,2022,13759501.0
Benin,BEN,Population,SP.POP.TOTL,2021,13413417.0
Benin,BEN,Population,SP.POP.TOTL,2020,13070169.0
Benin,BEN,Population,SP.POP.TOTL,2019,12726755.0
Benin,BEN,Population,SP.POP.TOTL,2018,12383347.0
Benin,BEN,Population,SP.POP.TOTL,2017,12039780.0
Benin,BEN,Population,SP.POP.TOTL,2016,11697842.0
Benin,BEN,Population,SP.POP.TOTL,2015,11360681.0
Benin,BEN,Population,SP.POP.TOTL,2014,11030004.0
Benin,BEN,Population,SP.POP.TOTL,2013,10708834.0
Benin,BEN,Population,SP.POP.TOTL,2012,10397657.0
Benin,BEN,Population,SP.POP.TOTL,2011,10093623.0
Benin,BEN,Population,SP.POP.TOTL,2010,9797484.0
Benin,BEN,Population,SP.POP.TOTL,2009,9509423.0
Benin,BEN,Population,SP.POP.TOTL,2008,9228466.0
Benin,BEN,Population,SP.POP.TOTL,2007,8953969.0
Benin,BEN,Population,SP.POP.TOTL,2006,8693242.0
Benin,BEN,Population,SP.POP.TOTL,2005,8426144.0
Benin,BEN,Population,SP.POP.TOTL,2004,8159094.0
Benin,BEN,Population,SP.POP.TOTL,2003,7913070.0
Benin,BEN,Population,SP.POP.TOTL,2002,7675426.0
Benin,BEN,Population,SP.POP.TOTL,2001,7445596.0
Benin,BEN,Population,SP.POP.TOTL,2000,7221619.0
Benin,BEN,Agriculture value added (% GDP),NV.AGR.TOTL.ZS,2025,22.9191586398898
Benin,BEN,Agriculture value added (% GDP),NV.AGR.TOTL.ZS,2024,24.2317229519649
Benin,BEN,Agriculture value added (% GDP),NV.AGR.TOTL.ZS,2023,25.4019723667563
Benin,BEN,Agriculture value added (% GDP),NV.AGR.TOTL.ZS,2022,26.8966787968124
Benin,BEN,Agriculture value added (% GDP),NV.AGR.TOTL.ZS,2021,28.5289506098592
Benin,BEN,Agriculture value added (% GDP),NV.AGR.TOTL.ZS,2020,27.1091750361118
Benin,BEN,Agriculture value added (% GDP),NV.AGR.TOTL.ZS,2019,26.8758016258337
Benin,BEN,Agriculture value added (% GDP),NV.AGR.TOTL.ZS,2018,28.0647739127077
Benin,BEN,Agriculture value added (% GDP),NV.AGR.TOTL.ZS,2017,28.4890165273264
Benin,BEN,Agriculture value added (% GDP),NV.AGR.TOTL.ZS,2016,27.7536354980493
Benin,BEN,Agriculture value added (% GDP),NV.AGR.TOTL.ZS,2015,26.3920850925037
Benin,BEN,Agriculture value added (% GDP),NV.AGR.TOTL.ZS,2014,25.6184529738008
Benin,BEN,Agriculture value added (% GDP),NV.AGR.TOTL.ZS,2013,25.2754046390823
Benin,BEN,Agriculture value added (% GDP),NV.AGR.TOTL.ZS,2012,25.7689758312295
Benin,BEN,Agriculture value added (% GDP),NV.AGR.TOTL.ZS,2011,25.7970008253273
Benin,BEN,Agriculture value added (% GDP),NV.AGR.TOTL.ZS,2010,25.8411354962681
Benin,BEN,Agriculture value added (% GDP),NV.AGR.TOTL.ZS,2009,26.9789553760994
Benin,BEN,Agriculture value added (% GDP),NV.AGR.TOTL.ZS,2008,26.8261561852139
Benin,BEN,Agriculture value added (% GDP),NV.AGR.TOTL.ZS,2007,26.9710869666408
Benin,BEN,Agriculture value added (% GDP),NV.AGR.TOTL.ZS,2006,26.631803428758
Benin,BEN,Agriculture value added (% GDP),NV.AGR.TOTL.ZS,2005,26.6894285026991
Benin,BEN,Agriculture value added (% GDP),NV.AGR.TOTL.ZS,2004,26.5208492800284
Benin,BEN,Agriculture value added (% GDP),NV.AGR.TOTL.ZS,2003,24.4539837351198
Benin,BEN,Agriculture value added (% GDP),NV.AGR.TOTL.ZS,2002,25.38272927764
Benin,BEN,Agriculture value added (% GDP),NV.AGR.TOTL.ZS,2001,25.0481627427766
Benin,BEN,Agriculture value added (% GDP),NV.AGR.TOTL.ZS,2000,23.5412339925262
Benin,BEN,Inflation,FP.CPI.TOTL.ZG,2025,1.10155247902978
Benin,BEN,Inflation,FP.CPI.TOTL.ZG,2024,1.16093089640415
Benin,BEN,Inflation,FP.CPI.TOTL.ZG,2023,2.73870078406075
Benin,BEN,Inflation,FP.CPI.TOTL.ZG,2022,1.35077863583527
Benin,BEN,Inflation,FP.CPI.TOTL.ZG,2021,1.73353962694036
Benin,BEN,Inflation,FP.CPI.TOTL.ZG,2020,3.02272119663759
Benin,BEN,Inflation,FP.CPI.TOTL.ZG,2019,0.732849371241066
Benin,BEN,Inflation,FP.CPI.TOTL.ZG,2018,0.919170717886054
Benin,BEN,Inflation,FP.CPI.TOTL.ZG,2017,0.0432648555103608
Benin,BEN,Inflation,FP.CPI.TOTL.ZG,2016,-0.793310145785624
Benin,BEN,Inflation,FP.CPI.TOTL.ZG,2015,0.218785923536245
Benin,BEN,Inflation,FP.CPI.TOTL.ZG,2014,-0.548757550948181
Benin,BEN,Inflation,FP.CPI.TOTL.ZG,2013,0.428888888888884
Benin,BEN,Inflation,FP.CPI.TOTL.ZG,2012,6.74468253340712
Benin,BEN,Inflation,FP.CPI.TOTL.ZG,2011,2.7042390774728
Benin,BEN,Inflation,FP.CPI.TOTL.ZG,2010,2.20783532536524
Benin,BEN,Inflation,FP.CPI.TOTL.ZG,2009,0.896072355749069
Benin,BEN,Inflation,FP.CPI.TOTL.ZG,2008,7.94729876067854
Benin,BEN,Inflation,FP.CPI.TOTL.ZG,2007,1.29806813334152
Benin,BEN,Inflation,FP.CPI.TOTL.ZG,2006,3.78217696540375
Benin,BEN,Inflation,FP.CPI.TOTL.ZG,2005,5.36452085832342
Benin,BEN,Inflation,FP.CPI.TOTL.ZG,2004,0.8738908308685
Benin,BEN,Inflation,FP.CPI.TOTL.ZG,2003,1.48724246145442
Benin,BEN,Inflation,FP.CPI.TOTL.ZG,2002,2.48916235491541
Benin,BEN,Inflation,FP.CPI.TOTL.ZG,2001,3.98429547767893
Benin,BEN,Inflation,FP.CPI.TOTL.ZG,2000,4.16540442290283
Cote d'Ivoire,CIV,GDP,NY.GDP.MKTP.CD,2025,99773555666.1988
Cote d'Ivoire,CIV,GDP,NY.GDP.MKTP.CD,2024,87113179149.284
Cote d'Ivoire,CIV,GDP,NY.GDP.MKTP.CD,2023,80780312569.1646
Cote d'Ivoire,CIV,GDP,NY.GDP.MKTP.CD,2022,70922824813.9102
Cote d'Ivoire,CIV,GDP,NY.GDP.MKTP.CD,2021,72794636653.7793
Cote d'Ivoire,CIV,GDP,NY.GDP.MKTP.CD,2020,63027852805.4204
Cote d'Ivoire,CIV,GDP,NY.GDP.MKTP.CD,2019,60382894697.3557
Cote d'Ivoire,CIV,GDP,NY.GDP.MKTP.CD,2018,58522477786.6889
Cote d'Ivoire,CIV,GDP,NY.GDP.MKTP.CD,2017,52512343996.69
Cote d'Ivoire,CIV,GDP,NY.GDP.MKTP.CD,2016,48407761036.8238
Cote d'Ivoire,CIV,GDP,NY.GDP.MKTP.CD,2015,45815005169.2651
Cote d'Ivoire,CIV,GDP,NY.GDP.MKTP.CD,2014,48843005613.7091
Cote d'Ivoire,CIV,GDP,NY.GDP.MKTP.CD,2013,42760235484.6093
Cote d'Ivoire,CIV,GDP,NY.GDP.MKTP.CD,2012,36302302877.2977
Cote d'Ivoire,CIV,GDP,NY.GDP.MKTP.CD,2011,36693710801.3976
Cote d'Ivoire,CIV,GDP,NY.GDP.MKTP.CD,2010,34936307980.063
Cote d'Ivoire,CIV,GDP,NY.GDP.MKTP.CD,2009,33886813250.2036
Cote d'Ivoire,CIV,GDP,NY.GDP.MKTP.CD,2008,34078240293.2559
Cote d'Ivoire,CIV,GDP,NY.GDP.MKTP.CD,2007,28760090953.3081
Cote d'Ivoire,CIV,GDP,NY.GDP.MKTP.CD,2006,25281413263.3712
Cote d'Ivoire,CIV,GDP,NY.GDP.MKTP.CD,2005,24036918703.1747
Cote d'Ivoire,CIV,GDP,NY.GDP.MKTP.CD,2004,23510575681.3686
Cote d'Ivoire,CIV,GDP,NY.GDP.MKTP.CD,2003,21251754340.4305
Cote d'Ivoire,CIV,GDP,NY.GDP.MKTP.CD,2002,18054383320.8474
Cote d'Ivoire,CIV,GDP,NY.GDP.MKTP.CD,2001,16810537043.8407
Cote d'Ivoire,CIV,GDP,NY.GDP.MKTP.CD,2000,16577533891.8785
Cote d'Ivoire,CIV,GDP per capita,NY.GDP.PCAP.CD,2025,3050.10202257321
Cote d'Ivoire,CIV,GDP per capita,NY.GDP.PCAP.CD,2024,2727.8935220697
Cote d'Ivoire,CIV,GDP per capita,NY.GDP.PCAP.CD,2023,2591.9659048119
Cote d'Ivoire,CIV,GDP per capita,NY.GDP.PCAP.CD,2022,2333.37128301259
Cote d'Ivoire,CIV,GDP per capita,NY.GDP.PCAP.CD,2021,2455.98127641148
Cote d'Ivoire,CIV,GDP per capita,NY.GDP.PCAP.CD,2020,2179.72934832935
Cote d'Ivoire,CIV,GDP per capita,NY.GDP.PCAP.CD,2019,2141.76836170115
Cote d'Ivoire,CIV,GDP per capita,NY.GDP.PCAP.CD,2018,2130.86619381144
Cote d'Ivoire,CIV,GDP per capita,NY.GDP.PCAP.CD,2017,1964.29930338343
Cote d'Ivoire,CIV,GDP per capita,NY.GDP.PCAP.CD,2016,1862.59597081287
Cote d'Ivoire,CIV,GDP per capita,NY.GDP.PCAP.CD,2015,1814.71855088017
Cote d'Ivoire,CIV,GDP per capita,NY.GDP.PCAP.CD,2014,1991.36539423404
Cote d'Ivoire,CIV,GDP per capita,NY.GDP.PCAP.CD,2013,1786.15862031324
Cote d'Ivoire,CIV,GDP per capita,NY.GDP.PCAP.CD,2012,1546.9460184731
Cote d'Ivoire,CIV,GDP per capita,NY.GDP.PCAP.CD,2011,1596.62826565998
Cote d'Ivoire,CIV,GDP per capita,NY.GDP.PCAP.CD,2010,1553.54887048143
Cote d'Ivoire,CIV,GDP per capita,NY.GDP.PCAP.CD,2009,1540.45393569596
Cote d'Ivoire,CIV,GDP per capita,NY.GDP.PCAP.CD,2008,1583.97066701372
Cote d'Ivoire,CIV,GDP per capita,NY.GDP.PCAP.CD,2007,1367.53817722326
Cote d'Ivoire,CIV,GDP per capita,NY.GDP.PCAP.CD,2006,1230.43056838584
Cote d'Ivoire,CIV,GDP per capita,NY.GDP.PCAP.CD,2005,1197.74616979415
Cote d'Ivoire,CIV,GDP per capita,NY.GDP.PCAP.CD,2004,1199.82524528546
Cote d'Ivoire,CIV,GDP per capita,NY.GDP.PCAP.CD,2003,1111.17135087887
Cote d'Ivoire,CIV,GDP per capita,NY.GDP.PCAP.CD,2002,967.815864415991
Cote d'Ivoire,CIV,GDP per capita,NY.GDP.PCAP.CD,2001,924.727294962066
Cote d'Ivoire,CIV,GDP per capita,NY.GDP.PCAP.CD,2000,936.636541348798
Cote d'Ivoire,CIV,Population,SP.POP.TOTL,2025,32711547.0
Cote d'Ivoire,CIV,Population,SP.POP.TOTL,2024,31934230.0
Cote d'Ivoire,CIV,Population,SP.POP.TOTL,2023,31165654.0
Cote d'Ivoire,CIV,Population,SP.POP.TOTL,2022,30395002.0
Cote d'Ivoire,CIV,Population,SP.POP.TOTL,2021,29639736.0
Cote d'Ivoire,CIV,Population,SP.POP.TOTL,2020,28915449.0
Cote d'Ivoire,CIV,Population,SP.POP.TOTL,2019,28193009.0
Cote d'Ivoire,CIV,Population,SP.POP.TOTL,2018,27464173.0
Cote d'Ivoire,CIV,Population,SP.POP.TOTL,2017,26733372.0
Cote d'Ivoire,CIV,Population,SP.POP.TOTL,2016,25989405.0
Cote d'Ivoire,CIV,Population,SP.POP.TOTL,2015,25246342.0
Cote d'Ivoire,CIV,Population,SP.POP.TOTL,2014,24527395.0
Cote d'Ivoire,CIV,Population,SP.POP.TOTL,2013,23939775.0
Cote d'Ivoire,CIV,Population,SP.POP.TOTL,2012,23467078.0
Cote d'Ivoire,CIV,Population,SP.POP.TOTL,2011,22982000.0
Cote d'Ivoire,CIV,Population,SP.POP.TOTL,2010,22488065.0
Cote d'Ivoire,CIV,Population,SP.POP.TOTL,2009,21997940.0
Cote d'Ivoire,CIV,Population,SP.POP.TOTL,2008,21514439.0
Cote d'Ivoire,CIV,Population,SP.POP.TOTL,2007,21030558.0
Cote d'Ivoire,CIV,Population,SP.POP.TOTL,2006,20546802.0
Cote d'Ivoire,CIV,Population,SP.POP.TOTL,2005,20068458.0
Cote d'Ivoire,CIV,Population,SP.POP.TOTL,2004,19595000.0
Cote d'Ivoire,CIV,Population,SP.POP.TOTL,2003,19125542.0
Cote d'Ivoire,CIV,Population,SP.POP.TOTL,2002,18654771.0
Cote d'Ivoire,CIV,Population,SP.POP.TOTL,2001,18178913.0
Cote d'Ivoire,CIV,Population,SP.POP.TOTL,2000,17699004.0
Cote d'Ivoire,CIV,Agriculture value added (% GDP),NV.AGR.TOTL.ZS,2025,16.7636825512357
Cote d'Ivoire,CIV,Agriculture value added (% GDP),NV.AGR.TOTL.ZS,2024,15.8594343780948
Cote d'Ivoire,CIV,Agriculture value added (% GDP),NV.AGR.TOTL.ZS,2023,15.9442578438607
Cote d'Ivoire,CIV,Agriculture value added (% GDP),NV.AGR.TOTL.ZS,2022,16.5843332097616
Cote d'Ivoire,CIV,Agriculture value added (% GDP),NV.AGR.TOTL.ZS,2021,16.1805529630135
Cote d'Ivoire,CIV,Agriculture value added (% GDP),NV.AGR.TOTL.ZS,2020,16.9334154768944
Cote d'Ivoire,CIV,Agriculture value added (% GDP),NV.AGR.TOTL.ZS,2019,15.6880480775561
Cote d'Ivoire,CIV,Agriculture value added (% GDP),NV.AGR.TOTL.ZS,2018,17.8526014022659
Cote d'Ivoire,CIV,Agriculture value added (% GDP),NV.AGR.TOTL.ZS,2017,16.9409871496938
Cote d'Ivoire,CIV,Agriculture value added (% GDP),NV.AGR.TOTL.ZS,2016,17.4349684074971
Cote d'Ivoire,CIV,Agriculture value added (% GDP),NV.AGR.TOTL.ZS,2015,18.3620416868752
Cote d'Ivoire,CIV,Agriculture value added (% GDP),NV.AGR.TOTL.ZS,2014,15.2417555256185
Cote d'Ivoire,CIV,Agriculture value added (% GDP),NV.AGR.TOTL.ZS,2013,15.3429019354945
Cote d'Ivoire,CIV,Agriculture value added (% GDP),NV.AGR.TOTL.ZS,2012,16.3751498758861
Cote d'Ivoire,CIV,Agriculture value added (% GDP),NV.AGR.TOTL.ZS,2011,18.4866714886447
Cote d'Ivoire,CIV,Agriculture value added (% GDP),NV.AGR.TOTL.ZS,2010,17.4889170707842
Cote d'Ivoire,CIV,Agriculture value added (% GDP),NV.AGR.TOTL.ZS,2009,15.2495816385759
Cote d'Ivoire,CIV,Agriculture value added (% GDP),NV.AGR.TOTL.ZS,2008,16.1854841829726
Cote d'Ivoire,CIV,Agriculture value added (% GDP),NV.AGR.TOTL.ZS,2007,15.5787463255399
Cote d'Ivoire,CIV,Agriculture value added (% GDP),NV.AGR.TOTL.ZS,2006,15.9447949066292
Cote d'Ivoire,CIV,Agriculture value added (% GDP),NV.AGR.TOTL.ZS,2005,16.0651853584803
Cote d'Ivoire,CIV,Agriculture value added (% GDP),NV.AGR.TOTL.ZS,2004,16.640018984398
Cote d'Ivoire,CIV,Agriculture value added (% GDP),NV.AGR.TOTL.ZS,2003,20.7760202202729
Cote d'Ivoire,CIV,Agriculture value added (% GDP),NV.AGR.TOTL.ZS,2002,18.737314157226
Cote d'Ivoire,CIV,Agriculture value added (% GDP),NV.AGR.TOTL.ZS,2001,17.2770975527184
Cote d'Ivoire,CIV,Agriculture value added (% GDP),NV.AGR.TOTL.ZS,2000,16.195154514693
Cote d'Ivoire,CIV,Inflation,FP.CPI.TOTL.ZG,2025,0.125038772593104
Cote d'Ivoire,CIV,Inflation,FP.CPI.TOTL.ZG,2024,3.45053028131019
Cote d'Ivoire,CIV,Inflation,FP.CPI.TOTL.ZG,2023,4.36972254867474
Cote d'Ivoire,CIV,Inflation,FP.CPI.TOTL.ZG,2022,5.23352856100843
Cote d'Ivoire,CIV,Inflation,FP.CPI.TOTL.ZG,2021,4.15919657911798
Cote d'Ivoire,CIV,Inflation,FP.CPI.TOTL.ZG,2020,2.41252617189053
Cote d'Ivoire,CIV,Inflation,FP.CPI.TOTL.ZG,2019,0.790855512053661
Cote d'Ivoire,CIV,Inflation,FP.CPI.TOTL.ZG,2018,0.401297817263547
Cote d'Ivoire,CIV,Inflation,FP.CPI.TOTL.ZG,2017,0.685881065304603
Cote d'Ivoire,CIV,Inflation,FP.CPI.TOTL.ZG,2016,0.723178457513308
Cote d'Ivoire,CIV,Inflation,FP.CPI.TOTL.ZG,2015,1.25149954781468
Cote d'Ivoire,CIV,Inflation,FP.CPI.TOTL.ZG,2014,0.448682076766141
Cote d'Ivoire,CIV,Inflation,FP.CPI.TOTL.ZG,2013,2.58117037252936
Cote d'Ivoire,CIV,Inflation,FP.CPI.TOTL.ZG,2012,1.30451119915606
Cote d'Ivoire,CIV,Inflation,FP.CPI.TOTL.ZG,2011,4.9124339505245
Cote d'Ivoire,CIV,Inflation,FP.CPI.TOTL.ZG,2010,1.2264561213548
Cote d'Ivoire,CIV,Inflation,FP.CPI.TOTL.ZG,2009,1.01950457731138
Cote d'Ivoire,CIV,Inflation,FP.CPI.TOTL.ZG,2008,6.30852769152578
Cote d'Ivoire,CIV,Inflation,FP.CPI.TOTL.ZG,2007,1.89200629349598
Cote d'Ivoire,CIV,Inflation,FP.CPI.TOTL.ZG,2006,2.46719148596915
Cote d'Ivoire,CIV,Inflation,FP.CPI.TOTL.ZG,2005,3.88583039886482
Cote d'Ivoire,CIV,Inflation,FP.CPI.TOTL.ZG,2004,1.45798835600741
Cote d'Ivoire,CIV,Inflation,FP.CPI.TOTL.ZG,2003,3.29680746974208
Cote d'Ivoire,CIV,Inflation,FP.CPI.TOTL.ZG,2002,3.07726485157427
Cote d'Ivoire,CIV,Inflation,FP.CPI.TOTL.ZG,2001,4.36152914007256
Cote d'Ivoire,CIV,Inflation,FP.CPI.TOTL.ZG,2000,2.53077516737997
